{
  "Component-dbg.js": 1611046698930,
  "controller/View1.controller.js": 1611046698930,
  "model/models.js": 1611046698930,
  "manifest.json": 1611054726628,
  "Component.js": 1611046698930,
  "manifest-bundle.zip": 1611054726454,
  "Component-preload.js": 1611054726608,
  "model/models-dbg.js": 1611046698930,
  "controller/View1-dbg.controller.js": 1611046698930,
  "i18n/i18n.properties": 1611046698930,
  "resources.json": 1611054726630,
  "view/View1.view.xml": 1611054050457,
  "css/style.css": 1611046698930,
  "index.html": 1611046698930
}